{
  "level0": {
    "sortedTree": [
      0.2674717
    ],
    "fullArray": [
      0.2674717
    ]
  }
}